{
  "controller/App-dbg.controller.js": 1689934129836,
  "controller/View1.controller.js": 1689934129844,
  "model/models.js": 1689934129832,
  "manifest.json": 1690359180017,
  "controller/App.controller.js": 1689934129836,
  "Component.js": 1689934129824,
  "Component-preload.js": 1690359180385,
  "controller/View1-dbg.controller.js": 1689934129844,
  "model/models-dbg.js": 1689934129832,
  "i18n/i18n.properties": 1689934129828,
  "Component-dbg.js": 1689934129824,
  "view/View1.view.xml": 1690354566412,
  "view/App.view.xml": 1689934129840,
  "css/style.css": 1689934129836,
  "index.html": 1689934129824
}