{
  "index.html": 1689934129824,
  "controller/App.controller.js": 1689934129836,
  "model/models.js": 1689934129832,
  "controller/View1.controller.js": 1689934129844,
  "manifest.json": 1689936413759,
  "Component.js": 1689934129824,
  "Component-preload.js": 1689936413923,
  "controller/View1-dbg.controller.js": 1689934129844,
  "model/models-dbg.js": 1689934129832,
  "controller/App-dbg.controller.js": 1689934129836,
  "Component-dbg.js": 1689934129824,
  "view/View1.view.xml": 1689934475448,
  "view/App.view.xml": 1689934129840,
  "css/style.css": 1689934129836,
  "i18n/i18n.properties": 1689934129828
}